input_unix_time,input,output_unix_time,output
1583735640,"random games button and when you click on it it just takes you to the worst possible game.",,"<del>Not now but minesweeperonline.com</del> nvm, nowhere to put it"
1611148001,"ADD MORE MEMESSSSS",1613475660,"no, memes is dead"
1622707808,"auto alphabet cite machine thing yeah there okay bye now",,""
1622707896,"did you make a snake game on your website?

I mean why not lol I guess

aaaaaaa

ny

ways

bye",1622971806,"Is a game of snake really necessary? I mean, I can <i>try</i> and make it"
1622708097,"I suggest that you suggest that I suggest you to suggest me to suggest you to suggest that I stop suggesting stupid stuff",1622971838,"...<b>what</b>"
1622719761,"button that takes you to a definition of cheese idk
edit: I have no life",1622971876,"<a href='https://en.wikipedia.org/wiki/Cheese'><button>Wikipedia page about cheese</button></a> and get some english grammar please"
